INSERT INTO event_source_type (id, code, name) VALUES
	(1, 'REACTION-WORKER', 'Reaction Worker');


INSERT INTO event_source (id, name, host, log_path, log_header_pattern, log_header_pattern_enabled, description, type, log_level, maintenance_window, parent_id) VALUES
	(1,'Hermes',NULL,NULL,NULL,false,'Billing application','GROUP','ERROR','{"Mon": ["02:50-02:51"], "Tue": ["02:50-02:51"], "Wed": ["02:50-02:51"], "Thu": ["02:50-02:51"], "Fri": ["02:50-02:51"], "Sat": ["02:50-02:51"], "Sun": ["02:50-02:51"]}',NULL);
INSERT INTO event_source (id, name, host, log_path, log_header_pattern, log_header_pattern_enabled, description, type, log_level, maintenance_window, parent_id) VALUES
	(4,'Hermes SOA servers',NULL,'/local/vikhor/container/acme/wildfly-10.1.0.Final/standalone/log/server.log','[~DATE:yyyy-MM-dd HH:mm:ss,SSS] [~LOGLEVEL]  [[~UNKNOWN:a-z]] ([~UNKNOWN:.])',true,'','GROUP',NULL,'{}',1);
INSERT INTO event_source (id, name, host, log_path, log_header_pattern, description, type, log_level, maintenance_window, parent_id,EVENT_SOURCE_TYPE_ID) VALUES
	(2,'Hermes SOA server 0','urmlprod20',NULL,NULL,'','ITEM',NULL,'{}',4,1);
INSERT INTO event_source (id, name, host, log_path, log_header_pattern, description, type, log_level, maintenance_window, parent_id,EVENT_SOURCE_TYPE_ID) VALUES
	(3,'Hermes SOA server 1','urmlprod21',NULL,NULL,'','ITEM',NULL,'{}',4,1);
INSERT INTO event_source (id, name, host, log_path, log_header_pattern, description, type, log_level, maintenance_window, parent_id,EVENT_SOURCE_TYPE_ID) VALUES
	(5,'Hermes web app','urmlprod30',NULL,NULL,'','ITEM',NULL,'{}',1,1);
INSERT INTO event_source (id, name, host, log_path, log_header_pattern, description, type, log_level, maintenance_window, parent_id,EVENT_SOURCE_TYPE_ID) VALUES
	(6,'Ares EXPORT','urmlprod07','/local/vikhor/container/acme/wildfly-10.1.0.Final/standalone/log/server.log','[~DATE:yyyy-MM-dd HH:mm:ss,SSS] [~LOGLEVEL]  [[~UNKNOWN:a-z]] ([~UNKNOWN:.])','','ITEM','ERROR','{}',NULL,1);


INSERT INTO execution_flow (id, name, time_between_exec, execution_time, status, access_group, start_mail_sending_recipients, error_mail_sending_recipients, hosts) VALUES (1,'stop Hermes DB and app servers',NULL,NULL,'VALID','DBA,Middleware','reaction.engine.sup@gmail.com','reaction.engine.sup@gmail.com','urmlprod20, urmlprod21, urmlprod60');
INSERT INTO execution_flow (id, name, time_between_exec, execution_time, status, access_group, start_mail_sending_recipients, error_mail_sending_recipients, hosts) VALUES (2,'restart Hermes DB and app servers',NULL,NULL,'VALID','DBA,Middleware','reaction.engine.sup@gmail.com','reaction.engine.sup@gmail.com','urmlprod20, urmlprod21, urmlprod60');
INSERT INTO execution_flow (id, name, time_between_exec, execution_time, status, access_group, start_mail_sending_recipients, error_mail_sending_recipients, hosts) VALUES (4,'Sending an Ares export warning email',NULL,NULL,'VALID','Middleware','','','');


INSERT INTO task (id, name, ordr, command, os_user, host, internal_task, output_pattern, mail_recipients, mail_subject, mail_content, execution_flow_id, primary_task_id, secondary_task_id) VALUES 
(1,'Stopping DB',2,'/etc/init.d/mysqld stop','mysql','urmlprod60','COMMAND_BY_WORKER','Stopping mysqld:[ +]\\[  (?<COMMANDOUTPUT>[A-Z]+)  \\]',NULL,NULL,NULL,1,NULL,NULL);
INSERT INTO task (id, name, ordr, command, os_user, host, internal_task, output_pattern, mail_recipients, mail_subject, mail_content, execution_flow_id, primary_task_id, secondary_task_id) VALUES 
(2,'Sending mail to business users',1,NULL,NULL,NULL,'EMAIL_SENDING',NULL,'reaction.engine.sup@gmail.com','Hermes PROD will be stopped','Hermes PROD will be stopped.\nSorry for the trouble!',1,NULL,NULL);
INSERT INTO task (id, name, ordr, command, os_user, host, internal_task, output_pattern, mail_recipients, mail_subject, mail_content, execution_flow_id, primary_task_id, secondary_task_id, if_expression) VALUES 
(4,'if DB stopped correctly',3,NULL,NULL,NULL,'IF_ELSE',NULL,NULL,NULL,NULL,1,NULL,NULL,'$COMMANDOUTPUT.equals("OK")');
INSERT INTO task (id, name, ordr, command, os_user, host, internal_task, output_pattern, mail_recipients, mail_subject, mail_content, execution_flow_id, primary_task_id, secondary_task_id, if_expression) VALUES 
(10,'if Hermes SOA 0 stopped correctly',2,NULL,NULL,NULL,'IF_ELSE',NULL,NULL,NULL,NULL,NULL,4,NULL,'$COMMANDOUTPUT.equals("DOWN")');
INSERT INTO task (id, name, ordr, command, os_user, host, internal_task, output_pattern, mail_recipients, mail_subject, mail_content, execution_flow_id, primary_task_id, secondary_task_id) VALUES 
(7,'DB did not stop',1,NULL,NULL,NULL,'EMAIL_SENDING',NULL,'reaction.engine.sup@gmail.com','Hermes DB did not stop correctly','Fatal error!\nHermes DB did not stop correctly',NULL,NULL,4);
INSERT INTO task (id, name, ordr, command, os_user, host, internal_task, output_pattern, mail_recipients, mail_subject, mail_content, execution_flow_id, primary_task_id, secondary_task_id) VALUES (5,'stop Hermes SOA server 0',1,'cd /home/vikhor/projects/acme && ant container-stop','','urmlprod20','COMMAND_BY_WORKER','     [echo] Status     : (?<COMMANDOUTPUT>[A-Z]+)',NULL,NULL,NULL,NULL,4,NULL);
INSERT INTO task (id, name, ordr, command, os_user, host, internal_task, output_pattern, mail_recipients, mail_subject, mail_content, execution_flow_id, primary_task_id, secondary_task_id) VALUES (8,'stop Hermes SOA server 1',2,'cd /home/vikhor/projects/acme && ant container-stop','','urmlprod21','COMMAND_BY_WORKER','',NULL,NULL,NULL,NULL,10,NULL);
INSERT INTO task (id, name, ordr, command, os_user, host, internal_task, output_pattern, mail_recipients, mail_subject, mail_content, execution_flow_id, primary_task_id, secondary_task_id) VALUES (9,'Sending a mail to Middleware administrator , Hermes is DOWN',3,NULL,NULL,NULL,'EMAIL_SENDING',NULL,'reaction.engine.sup@gmail.com','Maintenance can be started, Hermes is DOWN','The Hermes application is DOWN, please start the maintenance!',NULL,10,NULL);
INSERT INTO task (id, name, ordr, command, os_user, host, internal_task, output_pattern, mail_recipients, mail_subject, mail_content, execution_flow_id, primary_task_id, secondary_task_id) VALUES (11,'if Hermes SOA 0 did not stop correctly',1,NULL,NULL,NULL,'EMAIL_SENDING',NULL,'reaction.engine.sup@gmail.com','Stopping SOA server 0 was NOT successful','Unfortunately stopping SOA server 0 was NOT successful.\nPlease check the urlmprap20 server!',NULL,NULL,10);
INSERT INTO task (id, name, ordr, command, os_user, host, internal_task, output_pattern, mail_recipients, mail_subject, mail_content, execution_flow_id, primary_task_id, secondary_task_id) VALUES (18,'Sending mail to business users',1,NULL,NULL,NULL,'EMAIL_SENDING',NULL,'reaction.engine.sup@gmail.com','Hermes PROD will be stopped','Hermes PROD will be stopped.\nSorry for the trouble!',2,NULL,NULL);
INSERT INTO task (id, name, ordr, command, os_user, host, internal_task, output_pattern, mail_recipients, mail_subject, mail_content, execution_flow_id, primary_task_id, secondary_task_id) VALUES (19,'Stopping DB',2,'/etc/init.d/mysqld stop','mysql','urmlprod60','COMMAND_BY_WORKER','Stopping mysqld:[ +]\\[  (?<COMMANDOUTPUT>[A-Z]+)  \\]',NULL,NULL,NULL,2,NULL,NULL);
INSERT INTO task (id, name, ordr, command, os_user, host, internal_task, output_pattern, mail_recipients, mail_subject, mail_content, execution_flow_id, primary_task_id, secondary_task_id) VALUES (21,'stop Hermes SOA server 0',3,'cd /home/vikhor/projects/acme && ant container-stop','','urmlprod20','COMMAND_BY_WORKER','     [echo] Status     : (?<COMMANDOUTPUT>[A-Z]+)',NULL,NULL,NULL,2,NULL,NULL);
INSERT INTO task (id, name, ordr, command, os_user, host, internal_task, output_pattern, mail_recipients, mail_subject, mail_content, execution_flow_id, primary_task_id, secondary_task_id) VALUES (30,'Starting DB',5,'/etc/init.d/mysqld start','mysql','urmlprod60','COMMAND_BY_WORKER','Startin mysqld:[ +]\\[  (?<COMMANDOUTPUT>[A-Z]+)  \\]',NULL,NULL,NULL,2,NULL,NULL);
INSERT INTO task (id, name, ordr, command, os_user, host, internal_task, output_pattern, mail_recipients, mail_subject, mail_content, execution_flow_id, primary_task_id, secondary_task_id) VALUES (23,'stop Hermes SOA server 1',4,'cd /home/vikhor/projects/acme && ant container-stop','','urmlprod21','COMMAND_BY_WORKER','',NULL,NULL,NULL,2,NULL,NULL);
INSERT INTO task (id, name, ordr, command, os_user, host, internal_task, output_pattern, mail_recipients, mail_subject, mail_content, execution_flow_id, primary_task_id, secondary_task_id) VALUES (24,'Sending a mail to Middleware administrator , Hermes is DOWN',8,NULL,NULL,NULL,'EMAIL_SENDING',NULL,'reaction.engine.sup@gmail.com','Maintenance can be started, Hermes is DOWN','The Hermes application is DOWN, please start the maintenance!',2,NULL,NULL);
INSERT INTO task (id, name, ordr, command, os_user, host, internal_task, output_pattern, mail_recipients, mail_subject, mail_content, execution_flow_id, primary_task_id, secondary_task_id) VALUES (32,'Start Hermes SOA server 1',7,'cd /home/vikhor/projects/acme && ant container-start','','urmlprod21','COMMAND_BY_WORKER','',NULL,NULL,NULL,2,NULL,NULL);
INSERT INTO task (id, name, ordr, command, os_user, host, internal_task, output_pattern, mail_recipients, mail_subject, mail_content, execution_flow_id, primary_task_id, secondary_task_id) VALUES (31,'Start Hermes SOA server 0',6,'cd /home/vikhor/projects/acme && ant container-start','','urmlprod20','COMMAND_BY_WORKER','     [echo] Status     : (?<COMMANDOUTPUT>[A-Z]+)',NULL,NULL,NULL,2,NULL,NULL);
INSERT INTO task (id, name, ordr, command, os_user, host, internal_task, output_pattern, mail_recipients, mail_subject, mail_content, execution_flow_id, primary_task_id, secondary_task_id) VALUES (46,'Sending warning message',1,NULL,NULL,NULL,'EMAIL_SENDING',NULL,'reaction.engine.sup@gmail.com','Error when exporting from Ares!','An error occurred...',4,NULL,NULL);


INSERT INTO error_detector (id, name, message_pattern, activated, execution_flow_id, event_source_id, multiple_events_cnt, multiple_events_timefr, confirmation_needed) VALUES (1,'restart Hermes if out of memory occurs','.*java\.lang\.OutOfMemoryException: Java old gen space.*',1,1,4,NULL,NULL,1);
INSERT INTO error_detector (id, name, message_pattern, activated, execution_flow_id, event_source_id, multiple_events_cnt, multiple_events_timefr, confirmation_needed) VALUES (2,'restart Hermes','.*OutOfMemoryError.*',1,1,4,NULL,NULL,1);
INSERT INTO error_detector (id, name, message_pattern, activated, execution_flow_id, event_source_id, multiple_events_cnt, multiple_events_timefr, confirmation_needed) VALUES (3,'restart Hermes if out of memory occurs on server 1','.*java\\.lang\\.OutOfMemoryError: Java heap space.*',1,1,3,NULL,NULL,1);
INSERT INTO error_detector (id, name, message_pattern, activated, execution_flow_id, event_source_id, multiple_events_cnt, multiple_events_timefr, confirmation_needed) VALUES (4,'Sending mail if error occurs at exporting from Ares','.*ExportExpection.*Ares.*',1,4,6,NULL,NULL,0);